{"Mods":[{"Author":"ToaVee","Name":"BGLegendaryEquipmentMod","Folder":"BGLegendaryEquipmentMod","Version":"36028797018963968","Description":"A mod to bring back the powerful and nostalgic legendary weapons from the original Baldur's Gate games. Craft and wield the likes of Crom Faeyr or Carsomyr once again.","UUID":"6778a6d5-2caf-4a8d-a91d-39d488b77ee6","Created":"2023-10-15T00:09:52.7686552-05:00","Dependencies":[],"Group":"0700a46c-b04f-4b70-9350-5217c69d09f3"}],"MD5":"32758b2f3366e366a7c72d9a2a55fc30"}