{"Mods":[{"Author":"ToaVee","Name":"BGLegendaryEquipmentMod","Folder":"BGLegendaryEquipmentMod","Version":"36028797018963968","Description":"A mod to bring back the powerful and nostalgic legendary weapons from the original Baldur's Gate games. Craft and wield the likes of Crom Faeyr or Carsomyr once again.","UUID":"6778a6d5-2caf-4a8d-a91d-39d488b77ee6","Created":"2023-10-14T20:00:41.234012-05:00","Dependencies":[],"Group":"f27f73b6-8ca3-4dfb-91a7-0c21108b1d68"}],"MD5":"ca8468fce808c91d8400a19954fc9826"}