{"Mods":[{"Author":"ToaVee","Name":"BGLegendaryEquipmentMod","Folder":"BGLegendaryEquipmentMod","Version":"36028797018963968","Description":"A mod to bring back the powerful and nostalgic legendary weapons from the original Baldur's Gate games. Craft and wield the likes of Crom Faeyr or Carsomyr once again.","UUID":"6778a6d5-2caf-4a8d-a91d-39d488b77ee6","Created":"2023-10-08T20:14:37.226445-05:00","Dependencies":[],"Group":"a3a167d4-f6f3-4e2d-8b69-436998636654"}],"MD5":"2b3b26566ff0a3077a1c3f832e31b19d"}