{"Mods":[{"Author":"ToaVee","Name":"BGLegendaryEquipmentMod","Folder":"BGLegendaryEquipmentMod","Version":"36028797018963968","Description":"A mod to bring back the powerful and nostalgic legendary weapons from the original Baldur's Gate games. Craft and wield the likes of Crom Faeyr or Carsomyr once again.","UUID":"6778a6d5-2caf-4a8d-a91d-39d488b77ee6","Created":"2023-10-14T19:37:37.3527598-05:00","Dependencies":[],"Group":"bf149095-9b8c-4501-9dca-0abde0b318ac"}],"MD5":"111340f7cb698bbd2982b51e16b0e7c9"}