{"Mods":[{"Author":"ToaVee","Name":"BGLegendaryEquipmentMod","Folder":"BGLegendaryEquipmentMod","Version":"36028797018963968","Description":"A mod to bring back the powerful and nostalgic legendary weapons from the original Baldur's Gate games. Craft and wield the likes of Crom Faeyr or Carsomyr once again.","UUID":"6778a6d5-2caf-4a8d-a91d-39d488b77ee6","Created":"2023-10-14T20:01:26.3843631-05:00","Dependencies":[],"Group":"60727c94-0ef7-4a41-a125-3f2411855b12"}],"MD5":"a64e388c3b1a31c5670a4817d67cca27"}