{"Mods":[{"Author":"ToaVee","Name":"BGLegendaryEquipmentMod","Folder":"BGLegendaryEquipmentMod","Version":"36028797018963968","Description":"A mod to bring back the powerful and nostalgic legendary weapons from the original Baldur's Gate games. Craft and wield the likes of Crom Faeyr or Carsomyr once again.","UUID":"6778a6d5-2caf-4a8d-a91d-39d488b77ee6","Created":"2023-10-15T00:09:31.6107177-05:00","Dependencies":[],"Group":"54e59d01-4475-4368-87e0-7ed1dabb5bcb"}],"MD5":"b3aa630d6a87d70b37283ec1ea7697ab"}