{"Mods":[{"Author":"ToaVee","Name":"BGLegendaryEquipmentMod","Folder":"BGLegendaryEquipmentMod","Version":"36028797018963968","Description":"A mod to bring back the powerful and nostalgic legendary weapons from the original Baldur's Gate games. Craft and wield the likes of Crom Faeyr or Carsomyr once again.","UUID":"6778a6d5-2caf-4a8d-a91d-39d488b77ee6","Created":"2023-10-14T19:36:49.7271082-05:00","Dependencies":[],"Group":"43cbe9e2-e63a-45d5-b3ee-a9f99baa5617"}],"MD5":"ba7da26fc38986332b9f5cc9ce76df11"}